{
  "_note": "Canonical published numbers \u2014 generated by cardioseg.evaluation.results; do not hand-edit.",
  "run": "gen",
  "split": {
    "val": "acdc (held-out centre)",
    "test": "Canon+GE (unseen vendors)"
  },
  "flagship": {
    "acdc": {
      "n": 150,
      "dice": {
        "RV": 0.875,
        "LV-myo": 0.86,
        "LV-cav": 0.916,
        "mean": 0.884
      },
      "hd95": {
        "RV": 7.0,
        "LV-myo": 2.1,
        "LV-cav": 2.1
      },
      "assd": {
        "RV": 0.9,
        "LV-myo": 0.56,
        "LV-cav": 0.58
      },
      "ef_mae": 6.5,
      "ef_bias": -5.6,
      "ef_loa": [
        -20.1,
        8.9
      ],
      "strata": {
        "dilated": {
          "n": 30,
          "dice": {
            "RV": 0.8948919957015893,
            "LV-myo": 0.8559274016105716,
            "LV-cav": 0.9559238990135437
          },
          "dice_mean": 0.9022477654419016,
          "gt_ef_mean": 19.693163293683337,
          "ef_mae": 1.8235612377225001,
          "ef_bias": -0.3949098814728028
        },
        "hypertrophic": {
          "n": 30,
          "dice": {
            "RV": 0.851515528216385,
            "LV-myo": 0.8814037716137296,
            "LV-cav": 0.8565064873214643
          },
          "dice_mean": 0.8631419290505263,
          "gt_ef_mean": 70.04880964060577,
          "ef_mae": 12.979762707529895,
          "ef_bias": -12.086796016414413
        },
        "ischemic": {
          "n": 30,
          "dice": {
            "RV": 0.8259717122140526,
            "LV-myo": 0.8560714275329143,
            "LV-cav": 0.9442373119767067
          },
          "dice_mean": 0.8754268172412246,
          "gt_ef_mean": 30.831923503271494,
          "ef_mae": 4.370860186463552,
          "ef_bias": -3.1682960026326987
        },
        "normal": {
          "n": 30,
          "dice": {
            "RV": 0.9028520110286545,
            "LV-myo": 0.8656849078329237,
            "LV-cav": 0.9162609416835396
          },
          "dice_mean": 0.8949326201817059,
          "gt_ef_mean": 62.45302768139515,
          "ef_mae": 6.250808082421999,
          "ef_bias": -6.016796694544606
        },
        "rv_congenital": {
          "n": 30,
          "dice": {
            "RV": 0.8996069180124169,
            "LV-myo": 0.8418176140753565,
            "LV-cav": 0.9046332381975017
          },
          "dice_mean": 0.8820192567617583,
          "gt_ef_mean": 56.501064195289054,
          "ef_mae": 7.050717735474023,
          "ef_bias": -6.478457552335287
        }
      }
    },
    "canon": {
      "n": 9,
      "dice": {
        "RV": 0.88,
        "LV-myo": 0.815,
        "LV-cav": 0.823,
        "mean": 0.839
      },
      "hd95": {
        "RV": 7.6,
        "LV-myo": 10.0,
        "LV-cav": 20.0
      },
      "assd": {
        "RV": 0.88,
        "LV-myo": 1.41,
        "LV-cav": 2.79
      },
      "ef_mae": 11.9,
      "ef_bias": -11.9,
      "ef_loa": [
        -27.4,
        3.6
      ]
    },
    "ge": {
      "n": 69,
      "dice": {
        "RV": 0.869,
        "LV-myo": 0.797,
        "LV-cav": 0.852,
        "mean": 0.839
      },
      "hd95": {
        "RV": 10.0,
        "LV-myo": 10.4,
        "LV-cav": 20.0
      },
      "assd": {
        "RV": 1.18,
        "LV-myo": 1.67,
        "LV-cav": 2.61
      },
      "ef_mae": 11.3,
      "ef_bias": -10.9,
      "ef_loa": [
        -28.2,
        6.4
      ]
    }
  },
  "nnunet": {
    "canon": {
      "dice": {
        "RV": 0.878,
        "LV-myo": 0.829,
        "LV-cav": 0.892,
        "mean": 0.866
      },
      "hd95": {
        "RV": 6.8,
        "LV-myo": 8.1,
        "LV-cav": 5.9
      },
      "ef_mae": 2.6,
      "ef_bias": -1.4
    },
    "ge": {
      "dice": {
        "RV": 0.877,
        "LV-myo": 0.842,
        "LV-cav": 0.914,
        "mean": 0.878
      },
      "hd95": {
        "RV": 5.8,
        "LV-myo": 4.7,
        "LV-cav": 5.1
      },
      "ef_mae": 4.3,
      "ef_bias": 0.9
    }
  },
  "efficiency": {
    "ours": {
      "params": "1.6 M",
      "flops": "0.8 G"
    },
    "nnunet": {
      "params": "92 M",
      "flops": "19 G"
    }
  }
}