{
  "_note": "Canonical published numbers \u2014 generated by cardioseg.evaluation.results; do not hand-edit.",
  "run": "gen",
  "split": {
    "val": "acdc (held-out centre)",
    "test": "Canon+GE (unseen vendors)"
  },
  "flagship": {
    "acdc": {
      "n": 150,
      "dice": {
        "RV": 0.878,
        "LV-myo": 0.858,
        "LV-cav": 0.915,
        "mean": 0.884
      },
      "hd95": {
        "RV": 6.0,
        "LV-myo": 3.0,
        "LV-cav": 3.0
      },
      "assd": {
        "RV": 0.83,
        "LV-myo": 0.55,
        "LV-cav": 0.55
      },
      "ef_mae": 6.5,
      "ef_bias": -5.9,
      "ef_loa": [
        -19.3,
        7.4
      ],
      "strata": {
        "dilated": {
          "n": 30,
          "dice": {
            "RV": 0.8863193088180255,
            "LV-myo": 0.8488121454106234,
            "LV-cav": 0.9492510049050848
          },
          "dice_mean": 0.894794153044578,
          "gt_ef_mean": 19.693163293683337,
          "ef_mae": 1.7940788953242939,
          "ef_bias": -0.11477184587239458
        },
        "hypertrophic": {
          "n": 30,
          "dice": {
            "RV": 0.856067810364831,
            "LV-myo": 0.8797959348567137,
            "LV-cav": 0.8552160501272765
          },
          "dice_mean": 0.8636932651162738,
          "gt_ef_mean": 70.04880964060577,
          "ef_mae": 13.810154675691917,
          "ef_bias": -13.620781383770755
        },
        "ischemic": {
          "n": 30,
          "dice": {
            "RV": 0.8449735474934459,
            "LV-myo": 0.8583730777349999,
            "LV-cav": 0.9406982199893292
          },
          "dice_mean": 0.8813482817392583,
          "gt_ef_mean": 30.831923503271494,
          "ef_mae": 3.8546152135449576,
          "ef_bias": -3.3386134184165193
        },
        "normal": {
          "n": 30,
          "dice": {
            "RV": 0.9057379728137511,
            "LV-myo": 0.8650835333599443,
            "LV-cav": 0.9159186667706156
          },
          "dice_mean": 0.8955800576481036,
          "gt_ef_mean": 62.45302768139515,
          "ef_mae": 6.258687509934445,
          "ef_bias": -6.119285672927585
        },
        "rv_congenital": {
          "n": 30,
          "dice": {
            "RV": 0.8987598100033912,
            "LV-myo": 0.839140213605177,
            "LV-cav": 0.914050536152485
          },
          "dice_mean": 0.8839835199203511,
          "gt_ef_mean": 56.501064195289054,
          "ef_mae": 6.6255257080048775,
          "ef_bias": -6.517404088100226
        }
      }
    },
    "canon": {
      "n": 9,
      "dice": {
        "RV": 0.879,
        "LV-myo": 0.81,
        "LV-cav": 0.818,
        "mean": 0.836
      },
      "hd95": {
        "RV": 10.0,
        "LV-myo": 10.0,
        "LV-cav": 20.0
      },
      "assd": {
        "RV": 1.01,
        "LV-myo": 1.37,
        "LV-cav": 2.86
      },
      "ef_mae": 12.1,
      "ef_bias": -12.1,
      "ef_loa": [
        -28.3,
        4.1
      ]
    },
    "ge": {
      "n": 69,
      "dice": {
        "RV": 0.871,
        "LV-myo": 0.796,
        "LV-cav": 0.847,
        "mean": 0.838
      },
      "hd95": {
        "RV": 10.0,
        "LV-myo": 10.9,
        "LV-cav": 20.0
      },
      "assd": {
        "RV": 1.21,
        "LV-myo": 1.83,
        "LV-cav": 2.9
      },
      "ef_mae": 11.5,
      "ef_bias": -11.1,
      "ef_loa": [
        -28.9,
        6.7
      ]
    }
  },
  "nnunet": {
    "canon": {
      "dice": {
        "RV": 0.878,
        "LV-myo": 0.829,
        "LV-cav": 0.892,
        "mean": 0.866
      },
      "hd95": {
        "RV": 6.8,
        "LV-myo": 8.1,
        "LV-cav": 5.9
      },
      "ef_mae": 2.6,
      "ef_bias": -1.4
    },
    "ge": {
      "dice": {
        "RV": 0.877,
        "LV-myo": 0.842,
        "LV-cav": 0.914,
        "mean": 0.878
      },
      "hd95": {
        "RV": 5.8,
        "LV-myo": 4.7,
        "LV-cav": 5.1
      },
      "ef_mae": 4.3,
      "ef_bias": 0.9
    }
  },
  "efficiency": {
    "ours": {
      "params": "1.6 M",
      "flops": "0.8 G"
    },
    "nnunet": {
      "params": "92 M",
      "flops": "19 G"
    }
  }
}