{
  "_note": "Canonical published numbers \u2014 generated by cardioseg.evaluation.results; do not hand-edit.",
  "run": "gen",
  "flagship": {
    "acdc": {
      "n": 150,
      "dice": {
        "RV": 0.88,
        "LV-myo": 0.858,
        "LV-cav": 0.915,
        "mean": 0.884
      },
      "hd95": {
        "RV": 5.8,
        "LV-myo": 2.1,
        "LV-cav": 2.1
      },
      "assd": {
        "RV": 0.8,
        "LV-myo": 0.56,
        "LV-cav": 0.59
      },
      "ef_mae": 6.2,
      "ef_bias": -5.7,
      "ef_loa": [
        -18.5,
        7.1
      ],
      "strata": {
        "dilated": {
          "n": 30,
          "dice": {
            "RV": 0.8959900127512265,
            "LV-myo": 0.8554319913947397,
            "LV-cav": 0.9558579435613461
          },
          "dice_mean": 0.9024266492357708,
          "gt_ef_mean": 19.693163293683337,
          "ef_mae": 1.7335511786881004,
          "ef_bias": -0.4213885085492787
        },
        "hypertrophic": {
          "n": 30,
          "dice": {
            "RV": 0.8496290044364059,
            "LV-myo": 0.8777740009683231,
            "LV-cav": 0.8605774535196152
          },
          "dice_mean": 0.8626601529747814,
          "gt_ef_mean": 70.04880964060577,
          "ef_mae": 11.957402407895867,
          "ef_bias": -11.454926054594747
        },
        "ischemic": {
          "n": 30,
          "dice": {
            "RV": 0.8423493506415363,
            "LV-myo": 0.8562588265374718,
            "LV-cav": 0.9429903812486329
          },
          "dice_mean": 0.8805328528092137,
          "gt_ef_mean": 30.831923503271494,
          "ef_mae": 3.754435789974941,
          "ef_bias": -3.357732495661448
        },
        "normal": {
          "n": 30,
          "dice": {
            "RV": 0.9063701507191185,
            "LV-myo": 0.8621107230956249,
            "LV-cav": 0.9156704941261159
          },
          "dice_mean": 0.8947171226469531,
          "gt_ef_mean": 62.45302768139515,
          "ef_mae": 6.276783868966691,
          "ef_bias": -5.942819941959256
        },
        "rv_congenital": {
          "n": 30,
          "dice": {
            "RV": 0.9043542076299651,
            "LV-myo": 0.8409094024838037,
            "LV-cav": 0.9006403540559077
          },
          "dice_mean": 0.8819679880565588,
          "gt_ef_mean": 56.501064195289054,
          "ef_mae": 7.415682587706462,
          "ef_bias": -7.157259139380006
        }
      }
    },
    "canon": {
      "n": 9,
      "dice": {
        "RV": 0.886,
        "LV-myo": 0.812,
        "LV-cav": 0.819,
        "mean": 0.839
      },
      "hd95": {
        "RV": 6.0,
        "LV-myo": 10.0,
        "LV-cav": 20.0
      },
      "assd": {
        "RV": 0.82,
        "LV-myo": 1.48,
        "LV-cav": 2.75
      },
      "ef_mae": 13.5,
      "ef_bias": -13.5,
      "ef_loa": [
        -30.8,
        3.8
      ]
    }
  },
  "nnunet": {
    "acdc": {
      "dice": {
        "LV-cav": 0.948,
        "LV-myo": 0.876,
        "RV": 0.911,
        "mean": 0.912
      },
      "hd95": {
        "LV-cav": 3.3,
        "LV-myo": 2.9,
        "RV": 5.1
      },
      "ef_mae": 5.6,
      "ef_bias": -4.2
    },
    "canon": {
      "dice_mean": 0.876
    }
  },
  "efficiency": {
    "ours": {
      "params": "1.6 M",
      "flops": "0.8 G"
    },
    "nnunet": {
      "params": "92 M",
      "flops": "19 G"
    }
  }
}