{
  "_note": "Canonical published numbers \u2014 generated by cardioseg.evaluation.results; do not hand-edit.",
  "run": "model",
  "split": {
    "val": "acdc (held-out centre)",
    "test": "Canon+GE (unseen vendors)"
  },
  "ef_calibration": {
    "slope": 1.1035,
    "intercept": 2.0962,
    "note": "ef_*_cal = post-hoc linear EF correction ef_corr=slope*ef_pred+intercept, fit on VAL (acdc) only, applied to all axes. Reported EF stays the raw ef_*; calibration is disclosed alongside, not substituted. See interpretations/ef/2026-07-15_ef_defensibility.md."
  },
  "flagship": {
    "acdc": {
      "n": 150,
      "dice": {
        "RV": 0.864,
        "LV-myo": 0.849,
        "LV-cav": 0.909,
        "mean": 0.874
      },
      "hd95": {
        "RV": 7.5,
        "LV-myo": 3.0,
        "LV-cav": 3.0
      },
      "assd": {
        "RV": 0.94,
        "LV-myo": 0.59,
        "LV-cav": 0.63
      },
      "ef_mae": 7.1,
      "ef_bias": -6.4,
      "ef_loa": [
        -23.2,
        10.4
      ],
      "ef_mae_cal": 5.4,
      "ef_bias_cal": -0.0,
      "ef_loa_cal": [
        -16.4,
        16.4
      ],
      "strata": {
        "dilated": {
          "n": 30,
          "dice": {
            "RV": 0.8846863968283286,
            "LV-myo": 0.8429534740270669,
            "LV-cav": 0.9479700321767662
          },
          "dice_mean": 0.8918699676773872,
          "gt_ef_mean": 19.693163293683337,
          "ef_mae": 2.079471390605857,
          "ef_bias": -0.3780078534458526
        },
        "hypertrophic": {
          "n": 30,
          "dice": {
            "RV": 0.840599514649384,
            "LV-myo": 0.8690551835868171,
            "LV-cav": 0.8464283750946787
          },
          "dice_mean": 0.8520276911102932,
          "gt_ef_mean": 70.04880964060577,
          "ef_mae": 14.993915568721919,
          "ef_bias": -14.423533452847785
        },
        "ischemic": {
          "n": 30,
          "dice": {
            "RV": 0.8265919197356969,
            "LV-myo": 0.8456900769850282,
            "LV-cav": 0.9366874991920799
          },
          "dice_mean": 0.8696564986376017,
          "gt_ef_mean": 30.831923503271494,
          "ef_mae": 4.054343840562252,
          "ef_bias": -3.3550485838083612
        },
        "normal": {
          "n": 30,
          "dice": {
            "RV": 0.8907720211592499,
            "LV-myo": 0.852369280811498,
            "LV-cav": 0.9115805493098499
          },
          "dice_mean": 0.8849072837601993,
          "gt_ef_mean": 62.45302768139515,
          "ef_mae": 6.910180022422358,
          "ef_bias": -6.723833894987724
        },
        "rv_congenital": {
          "n": 30,
          "dice": {
            "RV": 0.8791961843236814,
            "LV-myo": 0.837419156143065,
            "LV-cav": 0.9044876472727001
          },
          "dice_mean": 0.8737009959131488,
          "gt_ef_mean": 56.501064195289054,
          "ef_mae": 7.295983915919768,
          "ef_bias": -7.075328254932004
        }
      }
    },
    "canon": {
      "n": 9,
      "dice": {
        "RV": 0.867,
        "LV-myo": 0.807,
        "LV-cav": 0.834,
        "mean": 0.836
      },
      "hd95": {
        "RV": 7.5,
        "LV-myo": 10.0,
        "LV-cav": 20.0
      },
      "assd": {
        "RV": 0.93,
        "LV-myo": 1.27,
        "LV-cav": 2.31
      },
      "ef_mae": 9.9,
      "ef_bias": -9.8,
      "ef_loa": [
        -24.3,
        4.7
      ],
      "ef_mae_cal": 5.4,
      "ef_bias_cal": -2.9,
      "ef_loa_cal": [
        -18.5,
        12.7
      ]
    },
    "ge": {
      "n": 69,
      "dice": {
        "RV": 0.862,
        "LV-myo": 0.79,
        "LV-cav": 0.85,
        "mean": 0.834
      },
      "hd95": {
        "RV": 10.0,
        "LV-myo": 10.2,
        "LV-cav": 20.0
      },
      "assd": {
        "RV": 1.34,
        "LV-myo": 1.64,
        "LV-cav": 2.45
      },
      "ef_mae": 11.0,
      "ef_bias": -10.1,
      "ef_loa": [
        -27.4,
        7.2
      ],
      "ef_mae_cal": 7.4,
      "ef_bias_cal": -3.2,
      "ef_loa_cal": [
        -21.1,
        14.6
      ]
    }
  },
  "nnunet": {
    "canon": {
      "dice": {
        "RV": 0.878,
        "LV-myo": 0.829,
        "LV-cav": 0.892,
        "mean": 0.866
      },
      "hd95": {
        "RV": 6.8,
        "LV-myo": 8.1,
        "LV-cav": 5.9
      },
      "ef_mae": 2.6,
      "ef_bias": -1.4
    },
    "ge": {
      "dice": {
        "RV": 0.877,
        "LV-myo": 0.842,
        "LV-cav": 0.914,
        "mean": 0.878
      },
      "hd95": {
        "RV": 5.8,
        "LV-myo": 4.7,
        "LV-cav": 5.1
      },
      "ef_mae": 4.3,
      "ef_bias": 0.9
    }
  },
  "efficiency": {
    "ours": {
      "params": "1.6 M",
      "flops": "0.8 G"
    },
    "nnunet": {
      "params": "92 M",
      "flops": "19 G"
    }
  }
}