{
  "_note": "Canonical published numbers \u2014 generated by cardioseg.evaluation.results; do not hand-edit.",
  "run": "model",
  "split": {
    "val": "acdc (held-out centre)",
    "test": "Canon+GE (unseen vendors)"
  },
  "flagship": {
    "acdc": {
      "n": 150,
      "dice": {
        "RV": 0.864,
        "LV-myo": 0.85,
        "LV-cav": 0.909,
        "mean": 0.874
      },
      "hd95": {
        "RV": 7.5,
        "LV-myo": 3.0,
        "LV-cav": 3.0
      },
      "assd": {
        "RV": 0.94,
        "LV-myo": 0.59,
        "LV-cav": 0.63
      },
      "ef_mae": 7.1,
      "ef_bias": -6.4,
      "ef_loa": [
        -23.2,
        10.4
      ],
      "strata": {
        "dilated": {
          "n": 30,
          "dice": {
            "RV": 0.8846917013090341,
            "LV-myo": 0.8429569759158281,
            "LV-cav": 0.9479712157179115
          },
          "dice_mean": 0.8918732976475913,
          "gt_ef_mean": 19.693163293683337,
          "ef_mae": 2.0779368462912187,
          "ef_bias": -0.37725079225444874
        },
        "hypertrophic": {
          "n": 30,
          "dice": {
            "RV": 0.8406152018900194,
            "LV-myo": 0.8690593933082309,
            "LV-cav": 0.8464559869308137
          },
          "dice_mean": 0.8520435273763547,
          "gt_ef_mean": 70.04880964060577,
          "ef_mae": 14.993952041043872,
          "ef_bias": -14.423569925169739
        },
        "ischemic": {
          "n": 30,
          "dice": {
            "RV": 0.8265984754262459,
            "LV-myo": 0.8457110200148114,
            "LV-cav": 0.9366954240832565
          },
          "dice_mean": 0.8696683065081046,
          "gt_ef_mean": 30.831923503271494,
          "ef_mae": 4.056426469984931,
          "ef_bias": -3.356640505452753
        },
        "normal": {
          "n": 30,
          "dice": {
            "RV": 0.8907595872413142,
            "LV-myo": 0.8523859575544699,
            "LV-cav": 0.9115855745826555
          },
          "dice_mean": 0.8849103731261465,
          "gt_ef_mean": 62.45302768139515,
          "ef_mae": 6.910394803643073,
          "ef_bias": -6.724609495531609
        },
        "rv_congenital": {
          "n": 30,
          "dice": {
            "RV": 0.8791935902309429,
            "LV-myo": 0.8374135302596494,
            "LV-cav": 0.9044893437426832
          },
          "dice_mean": 0.8736988214110918,
          "gt_ef_mean": 56.501064195289054,
          "ef_mae": 7.295767550188223,
          "ef_bias": -7.075111889200459
        }
      }
    },
    "canon": {
      "n": 9,
      "dice": {
        "RV": 0.867,
        "LV-myo": 0.807,
        "LV-cav": 0.834,
        "mean": 0.836
      },
      "hd95": {
        "RV": 7.5,
        "LV-myo": 10.0,
        "LV-cav": 20.0
      },
      "assd": {
        "RV": 0.93,
        "LV-myo": 1.27,
        "LV-cav": 2.31
      },
      "ef_mae": 9.9,
      "ef_bias": -9.8,
      "ef_loa": [
        -24.3,
        4.7
      ]
    },
    "ge": {
      "n": 69,
      "dice": {
        "RV": 0.862,
        "LV-myo": 0.79,
        "LV-cav": 0.85,
        "mean": 0.834
      },
      "hd95": {
        "RV": 10.0,
        "LV-myo": 10.2,
        "LV-cav": 20.0
      },
      "assd": {
        "RV": 1.34,
        "LV-myo": 1.64,
        "LV-cav": 2.45
      },
      "ef_mae": 11.0,
      "ef_bias": -10.1,
      "ef_loa": [
        -27.4,
        7.2
      ]
    }
  },
  "nnunet": {
    "canon": {
      "dice": {
        "RV": 0.878,
        "LV-myo": 0.829,
        "LV-cav": 0.892,
        "mean": 0.866
      },
      "hd95": {
        "RV": 6.8,
        "LV-myo": 8.1,
        "LV-cav": 5.9
      },
      "ef_mae": 2.6,
      "ef_bias": -1.4
    },
    "ge": {
      "dice": {
        "RV": 0.877,
        "LV-myo": 0.842,
        "LV-cav": 0.914,
        "mean": 0.878
      },
      "hd95": {
        "RV": 5.8,
        "LV-myo": 4.7,
        "LV-cav": 5.1
      },
      "ef_mae": 4.3,
      "ef_bias": 0.9
    }
  },
  "efficiency": {
    "ours": {
      "params": "1.6 M",
      "flops": "0.8 G"
    },
    "nnunet": {
      "params": "92 M",
      "flops": "19 G"
    }
  }
}