{
  "_note": "Canonical published numbers \u2014 generated by cardioseg.evaluation.results; do not hand-edit.",
  "run": "gen",
  "flagship": {
    "acdc": {
      "n": 150,
      "dice": {
        "RV": 0.882,
        "LV-myo": 0.859,
        "LV-cav": 0.918,
        "mean": 0.886
      },
      "hd95": {
        "RV": 5.0,
        "LV-myo": 2.1,
        "LV-cav": 2.1
      },
      "assd": {
        "RV": 0.76,
        "LV-myo": 0.54,
        "LV-cav": 0.53
      },
      "ef_mae": 5.9,
      "ef_bias": -5.2,
      "ef_loa": [
        -18.4,
        8.1
      ],
      "strata": {
        "dilated": {
          "n": 30,
          "dice": {
            "RV": 0.8920057572164601,
            "LV-myo": 0.8564495978527888,
            "LV-cav": 0.9577784978642477
          },
          "dice_mean": 0.9020779509778323,
          "gt_ef_mean": 19.693163293683337,
          "ef_mae": 2.095348176520032,
          "ef_bias": -0.21063231604335897
        },
        "hypertrophic": {
          "n": 30,
          "dice": {
            "RV": 0.8634682595368338,
            "LV-myo": 0.8800131749110197,
            "LV-cav": 0.8622364303551043
          },
          "dice_mean": 0.868572621600986,
          "gt_ef_mean": 70.04880964060577,
          "ef_mae": 11.938654158066239,
          "ef_bias": -11.494426546904439
        },
        "ischemic": {
          "n": 30,
          "dice": {
            "RV": 0.8546392602425089,
            "LV-myo": 0.8536834500422246,
            "LV-cav": 0.9424644366775254
          },
          "dice_mean": 0.8835957156540863,
          "gt_ef_mean": 30.831923503271494,
          "ef_mae": 4.064126306174176,
          "ef_bias": -3.392990386761355
        },
        "normal": {
          "n": 30,
          "dice": {
            "RV": 0.9074592666797965,
            "LV-myo": 0.8622687883019337,
            "LV-cav": 0.9210878136083003
          },
          "dice_mean": 0.8969386228633435,
          "gt_ef_mean": 62.45302768139515,
          "ef_mae": 5.106576705113709,
          "ef_bias": -4.8458895111209435
        },
        "rv_congenital": {
          "n": 30,
          "dice": {
            "RV": 0.8942740631153469,
            "LV-myo": 0.8404440768674059,
            "LV-cav": 0.9061885429889285
          },
          "dice_mean": 0.8803022276572271,
          "gt_ef_mean": 56.501064195289054,
          "ef_mae": 6.527540249472897,
          "ef_bias": -5.917368288374317
        }
      }
    },
    "canon": {
      "n": 9,
      "dice": {
        "RV": 0.886,
        "LV-myo": 0.823,
        "LV-cav": 0.838,
        "mean": 0.849
      },
      "hd95": {
        "RV": 7.5,
        "LV-myo": 10.0,
        "LV-cav": 20.0
      },
      "assd": {
        "RV": 0.87,
        "LV-myo": 1.23,
        "LV-cav": 2.34
      },
      "ef_mae": 11.1,
      "ef_bias": -11.1,
      "ef_loa": [
        -27.1,
        4.9
      ]
    }
  },
  "nnunet": {
    "acdc": {
      "dice": {
        "LV-cav": 0.948,
        "LV-myo": 0.876,
        "RV": 0.911,
        "mean": 0.912
      },
      "hd95": {
        "LV-cav": 3.3,
        "LV-myo": 2.9,
        "RV": 5.1
      },
      "ef_mae": 5.6,
      "ef_bias": -4.2
    },
    "canon": {
      "dice_mean": 0.876
    }
  },
  "efficiency": {
    "ours": {
      "params": "1.6 M",
      "flops": "0.8 G"
    },
    "nnunet": {
      "params": "92 M",
      "flops": "19 G"
    }
  }
}